"path","reason","action","clicks","impressions","position","mappedFiles","target"
"/inventory-management-for-small-business-complete-guide","no mapped file for route","noindex_follow","0","798","1069","",""
"/migrating-from-excel-to-inventory-software","no mapped file for route","noindex_follow","0","254","564","",""
"/logistics-inventory-management-software","no mapped file for route","noindex_follow","0","145","3104","",""
"/enterprise-inventory-management","multiple mapped files for route","noindex_follow","0","131","3232","C:/Users/tibea/Desktop/Coding/StockFlow/src/pages/SEO/blog/enterprise-inventory-management.tsx;C:/Users/tibea/Desktop/Coding/StockFlow/src/pages/SEO/uses/enterprise-inventory-management.tsx",""
"/inventory-management-bing","no mapped file for route","noindex_follow","0","54","1622","",""
"/cross-dock-warehouse","no mapped file for route","noindex_follow","0","45","5627","",""
"/help-center","no mapped file for route","noindex_follow","0","21","852","",""
"/year-end-checklist-for-small-business","no mapped file for route","noindex_follow","0","11","573","",""
"/customers/laura-peeters","no mapped file for route","noindex_follow","0","6","1767","",""
"/customers/anke-willems","no mapped file for route","noindex_follow","0","4","1325","",""
"/bill-of-material-management-software-free","no mapped file for route","noindex_follow","0","3","1","",""
"/glossary/inventory","no mapped file for route","noindex_follow","0","0","0","",""
"/prepare-for-prime-day","no mapped file for route","noindex_follow","0","0","0","",""
"/roadshows","no mapped file for route","noindex_follow","0","0","0","",""
"/kyrgies","no mapped file for route","noindex_follow","0","0","0","",""
"/solutions/inventory-management-systems-solutions","no mapped file for route","noindex_follow","0","0","0","",""
"/glossary/warehouse-management","no mapped file for route","noindex_follow","0","0","0","",""
"/comparisons/stockflow-vs-katana","no mapped file for route","noindex_follow","0","0","0","",""
"/cin7-launches-bundled-intuit-offering-at-scaling-new-heights","no mapped file for route","noindex_follow","0","0","0","",""
"/medical-supply-inventory-control-system","no mapped file for route","noindex_follow","0","0","0","",""
"/glossary/asset-control","no mapped file for route","noindex_follow","0","0","0","",""
"/solutions/online-inventory-management","no mapped file for route","noindex_follow","0","0","0","",""
"/consignment-inventory","no mapped file for route","noindex_follow","0","0","0","",""
"/glossary/kitting","no mapped file for route","noindex_follow","0","0","0","",""
"/using-barcodes-in-manufacturing","no mapped file for route","noindex_follow","0","0","0","",""
"/when-to-move-from-unleashed-to-cin7","no mapped file for route","noindex_follow","0","0","0","",""
"/bilo-heating-plumbing","no mapped file for route","noindex_follow","0","0","0","",""
"/solutions/inventory-management-provider","no mapped file for route","noindex_follow","0","0","0","",""
"/cin7s-2024-end-of-year-enhancements","no mapped file for route","noindex_follow","0","0","0","",""
"/voorraadbeheer-software-vergelijken","no mapped file for route","noindex_follow","0","0","0","",""
"/built-in-honors-cin7-in-its-esteemed-2023-best-places-to-work-awards","no mapped file for route","noindex_follow","0","0","0","",""
"/the-role-of-asset-management-software","no mapped file for route","noindex_follow","0","0","0","",""
"/excel-vs-software-voorraadbeheer","no mapped file for route","noindex_follow","0","0","0","",""
"/great-place-to-work-certified-in-sri-lanka","no mapped file for route","noindex_follow","0","0","0","",""
"/why-you-need-medical-inventory-management-software","no mapped file for route","noindex_follow","0","0","0","",""
"/voorraadbeheer-fouten-voorkomen","no mapped file for route","noindex_follow","0","0","0","",""
"/productdetailpage","no mapped file for route","noindex_follow","0","0","0","",""
"/adminnotificationspage","no mapped file for route","noindex_follow","0","0","0","",""
"/seo/comparisons/stockflow-vs-zoho-inventory","no mapped file for route","noindex_follow","0","0","0","",""
"/solutions/inventory-management-online","no mapped file for route","noindex_follow","0","0","0","",""
"/cin7-announces-the-members-of-the-2023-partner-advisory-council","no mapped file for route","noindex_follow","0","0","0","",""
"/brain-dead","no mapped file for route","noindex_follow","0","0","0","",""
"/covid-19-response","no mapped file for route","noindex_follow","0","0","0","",""
"/solutions/stock-management-software","no mapped file for route","noindex_follow","0","0","0","",""
"/de/inventory-tracker","no mapped file for route","noindex_follow","0","0","0","",""
"/seo/uses/ecommerce-inventory-management","no mapped file for route","noindex_follow","0","0","0","",""
"/state-of-construction-industry-report","no mapped file for route","noindex_follow","0","0","0","",""
"/seo/blog/what-is-demand-forecasting","no mapped file for route","noindex_follow","0","0","0","",""
"/solutions/inventory-management-software-bill-of-materials","no mapped file for route","noindex_follow","0","0","0","",""
"/secret-life-of-inventory-from-home-business-to-growing-warehouse","no mapped file for route","noindex_follow","0","0","0","",""
"/cin7-competitors","no mapped file for route","noindex_follow","0","0","0","",""
"/simplify-inventory-control","no mapped file for route","noindex_follow","0","0","0","",""
"/playtech","no mapped file for route","noindex_follow","0","0","0","",""
"/solutions/inventory-management-software-with-bill-of-materials","no mapped file for route","noindex_follow","0","0","0","",""
"/budtrainer","no mapped file for route","noindex_follow","0","0","0","",""
"/solutions/shopify-plus-wms-integration","no mapped file for route","noindex_follow","0","0","0","",""
"/earthwell","no mapped file for route","noindex_follow","0","0","0","",""
"/bill-of-materials-software","no mapped file for route","noindex_follow","0","0","0","",""
"/it/inventory-software","no mapped file for route","noindex_follow","0","0","0","",""
"/cin7-expands-ai-powered-product-capabilities","no mapped file for route","noindex_follow","0","0","0","",""
"/intalite","no mapped file for route","noindex_follow","0","0","0","",""
"/interior-design-firm-saves-with-sortly","no mapped file for route","noindex_follow","0","0","0","",""
"/solutions/inventory-software","no mapped file for route","noindex_follow","0","0","0","",""
"/just-in-time-inventory","no mapped file for route","noindex_follow","0","0","0","",""
"/is-there-an-app-to-keep-track-of-inventory","no mapped file for route","noindex_follow","0","0","0","",""
"/mobile-app","no mapped file for route","noindex_follow","0","0","0","",""
"/edi","no mapped file for route","noindex_follow","0","0","0","",""
"/inventory-optimization","no mapped file for route","noindex_follow","0","0","0","",""
"/5-inventory-hacks-for-very-small-businesses","no mapped file for route","noindex_follow","0","0","0","",""
"/how-to-manage-a-fleet","no mapped file for route","noindex_follow","0","0","0","",""
"/what-software-is-best-for-inventory","no mapped file for route","noindex_follow","0","0","0","",""
"/seo/blog/tracking-large-inventory-quantities","no mapped file for route","noindex_follow","0","0","0","",""
"/vendor-managed-inventory","no mapped file for route","noindex_follow","0","0","0","",""
"/cin7-expands-executive-bench-with-strategic-new-hire-and-internal-promotions","no mapped file for route","noindex_follow","0","0","0","",""
"/warehouse-management-software","no mapped file for route","noindex_follow","0","0","0","",""
"/markiewicz-dental","no mapped file for route","noindex_follow","0","0","0","",""
"/cookie-policy","no mapped file for route","noindex_follow","0","0","0","",""
"/how-do-small-businesses-keep-inventory","no mapped file for route","noindex_follow","0","0","0","",""
"/cin7-makes-top-20-list-for-retail-management","no mapped file for route","noindex_follow","0","0","0","",""
"/solutions/simple-stock-management","no mapped file for route","noindex_follow","0","0","0","",""
"/solutions/inventory-tracker","no mapped file for route","noindex_follow","0","0","0","",""
"/privacy-policy","no mapped file for route","noindex_follow","0","0","0","",""
"/4-ways-interior-designers-use-sortly","no mapped file for route","noindex_follow","0","0","0","",""
"/4-ways-it-professionals-use-sortly-for-it-asset-tracking","no mapped file for route","noindex_follow","0","0","0","",""
"/asin","no mapped file for route","noindex_follow","0","0","0","",""
"/cookie-settings","no mapped file for route","noindex_follow","0","0","0","",""
"/cin7-helps-fashion-retailers-prepare-for-amazon","no mapped file for route","noindex_follow","0","0","0","",""
"/solutions/inventory-tracking-programs","no mapped file for route","noindex_follow","0","0","0","",""
"/inventory-vs-supplies","no mapped file for route","noindex_follow","0","0","0","",""
"/this-industrial-sales-service-provider-got-modernized-and-organized-with-sortly-pro","no mapped file for route","noindex_follow","0","0","0","",""
"/new-cin7-app-store-fast-tracks-implementation-of-comprehensive-supply-chain-management","no mapped file for route","noindex_follow","0","0","0","",""
"/what-is-the-best-way-to-keep-track-of-inventory","no mapped file for route","noindex_follow","0","0","0","",""
"/employee-spotlight-patrick-grimes","no mapped file for route","noindex_follow","0","0","0","",""
"/solutions/stock-management","no mapped file for route","noindex_follow","0","0","0","",""
"/kaffeina","no mapped file for route","noindex_follow","0","0","0","",""
"/si/inventory-management","no mapped file for route","noindex_follow","0","0","0","",""
"/avenida-home","no mapped file for route","noindex_follow","0","0","0","",""
"/glossary/warehouse-management-system","no mapped file for route","noindex_follow","0","0","0","",""
"/guestsandbox","no mapped file for route","noindex_follow","0","0","0","",""
"/cin7-study-inflation-fears-causing-consumers-to-change-purchasing-habits","no mapped file for route","noindex_follow","0","0","0","",""
"/stockbeheer-programma","no mapped file for route","noindex_follow","0","0","0","",""
"/inventory-management-challenges-and-solutions","no mapped file for route","noindex_follow","0","0","0","",""
"/solutions/warehouse-modeling-software","no mapped file for route","noindex_follow","0","0","0","",""
"/solutions/mobile-inventory-management","no mapped file for route","noindex_follow","0","0","0","",""
"/solutions/asset-tracking","no mapped file for route","noindex_follow","0","0","0","",""
"/inventory-optimization-services","no mapped file for route","noindex_follow","0","0","0","",""
"/inventory-management-tips","no mapped file for route","noindex_follow","0","0","0","",""
"/solutions/inventory-optimization-services","no mapped file for route","noindex_follow","0","0","0","",""
"/solutions/software-stockbeheer","no mapped file for route","noindex_follow","0","0","0","",""
"/legal/terms-conditions","no mapped file for route","noindex_follow","0","0","0","",""
"/how-cin7-helps-smbs-manage-tariffs","no mapped file for route","noindex_follow","0","0","0","",""
"/vulcan-fitness","no mapped file for route","noindex_follow","0","0","0","",""
"/cin7-rolls-out-the-cin7-supply-chain-app-store","no mapped file for route","noindex_follow","0","0","0","",""
"/glossary/uom-inventory","no mapped file for route","noindex_follow","0","0","0","",""
"/team-inventory-management","no mapped file for route","noindex_follow","0","0","0","",""
"/terms-conditions","no mapped file for route","noindex_follow","0","0","0","",""
"/sponsors","no mapped file for route","noindex_follow","0","0","0","",""
"/vendor-managed-stock","no mapped file for route","noindex_follow","0","0","0","",""
"/gumball-poodle","no mapped file for route","noindex_follow","0","0","0","",""
"/glossarydata","no mapped file for route","noindex_follow","0","0","0","",""
"/what-is-retail-price","no mapped file for route","noindex_follow","0","0","0","",""
"/cin7-core-onboarding-service-packages","no mapped file for route","noindex_follow","0","0","0","",""
"/roi-calculator","no mapped file for route","noindex_follow","0","0","0","",""
"/asset-controller-meaning","no mapped file for route","noindex_follow","0","0","0","",""
"/seo/blog/how-to-store-medical-supplies","no mapped file for route","noindex_follow","0","0","0","",""
"/seo/glossary/warehouse-management-system","no mapped file for route","noindex_follow","0","0","0","",""
"/voorraadbeheer-software","no mapped file for route","noindex_follow","0","0","0","",""
"/seo/blog/inventory-management-101","no mapped file for route","noindex_follow","0","0","0","",""
"/seo/blog/how-do-you-set-up-an-inventory-system","no mapped file for route","noindex_follow","0","0","0","",""
"/how-to-choose-cloud-based-accounting-software-in-2022","no mapped file for route","noindex_follow","0","0","0","",""
"/glossary/what-is-lead-time","no mapped file for route","noindex_follow","0","0","0","",""
"/seo/industries/warehouse-software","no mapped file for route","noindex_follow","0","0","0","",""
"/glossary/mro-inventory","no mapped file for route","noindex_follow","0","0","0","",""
"/is-inventory-evil-5-lessons-to-learn-from-tim-cooks-supply-chain-genius","no mapped file for route","noindex_follow","0","0","0","",""
"/2025-state-of-construction-industry-report","no mapped file for route","noindex_follow","0","0","0","",""
"/kas-australia","no mapped file for route","noindex_follow","0","0","0","",""
"/cin7-honored-as-silver-stevie-award-winner-in-2017-american-business-awards","no mapped file for route","noindex_follow","0","0","0","",""
"/the-spice-tea-exchange","no mapped file for route","noindex_follow","0","0","0","",""
"/inventory-survey-data-how-sortly-saves-businesses-time-money","no mapped file for route","noindex_follow","0","0","0","",""
"/products","no mapped file for route","noindex_follow","0","0","0","",""
"/glossary/inventory-list","no mapped file for route","noindex_follow","0","0","0","",""
"/seo/blog/year-end-inventory","no mapped file for route","noindex_follow","0","0","0","",""
"/glossary/supplier-relationship-management","no mapped file for route","noindex_follow","0","0","0","",""
"/addproductpage","no mapped file for route","noindex_follow","0","0","0","",""
"/contact-us","no mapped file for route","noindex_follow","0","0","0","",""
"/adminnotificationspage","no mapped file for route","noindex_follow","0","0","0","",""
"/seo/glossary/what-is-lead-time","no mapped file for route","noindex_follow","0","0","0","",""
"/ab-testing","no mapped file for route","noindex_follow","0","0","0","",""
"/categoriespage","no mapped file for route","noindex_follow","0","0","0","",""
"/billofmaterialspage","no mapped file for route","noindex_follow","0","0","0","",""
"/think-better-group","no mapped file for route","noindex_follow","0","0","0","",""
"/cin7-named-2023-hi-tech-company-of-the-year-by-nz-hi-tech-awards","no mapped file for route","noindex_follow","0","0","0","",""
"/shopifys-ai-bot-blocking","no mapped file for route","noindex_follow","0","0","0","",""
"/manufacturing-inventory-management-software","no mapped file for route","noindex_follow","0","0","0","",""
"/purchase-orders","no mapped file for route","noindex_follow","0","0","0","",""
"/careers","no mapped file for route","noindex_follow","0","0","0","",""
"/notfound","no mapped file for route","noindex_follow","0","0","0","",""
"/partners","no mapped file for route","noindex_follow","0","0","0","",""
"/security","no mapped file for route","noindex_follow","0","0","0","",""
"/privacy","no mapped file for route","noindex_follow","0","0","0","",""
"/seo/glossary/createglossarypage","no mapped file for route","noindex_follow","0","0","0","",""
"/purchasing-inventory-software","no mapped file for route","noindex_follow","0","0","0","",""
"/seo/blog/what-is-a-good-inventory-turnover-ratio","no mapped file for route","noindex_follow","0","0","0","",""
"/categoriespage","no mapped file for route","noindex_follow","0","0","0","",""
"/terms","no mapped file for route","noindex_follow","0","0","0","",""
"/seo/comparisons/stockflow-vs-sortly","no mapped file for route","noindex_follow","0","0","0","",""
"/features/barcoding","no mapped file for route","noindex_follow","0","0","0","",""
"/glossary/inventory-management","no mapped file for route","noindex_follow","0","0","0","",""
"/seo/blog/inventory-control-systems","no mapped file for route","noindex_follow","0","0","0","",""
"/seo/uses/enterprise-inventory-management","no mapped file for route","noindex_follow","0","0","0","",""
"/how-to-choose-inventory-software-for-small-business","no mapped file for route","noindex_follow","0","0","0","",""
"/glossary/what-is-lead-time","no mapped file for route","noindex_follow","0","0","0","",""
"/features/purchase-requisition-software","no mapped file for route","noindex_follow","0","0","0","",""
"/seo/blog/common-inventory-mistakes-and-how-to-avoid-them","no mapped file for route","noindex_follow","0","0","0","",""
"/seo/blog/calculating-beginning-inventory","no mapped file for route","noindex_follow","0","0","0","",""
"/seo/solutions/simple-stock-management","no mapped file for route","noindex_follow","0","0","0","",""
"/seo/glossary/warehouse-management-system","no mapped file for route","noindex_follow","0","0","0","",""
"/features/integrations","no mapped file for route","noindex_follow","0","0","0","",""
"/seo/comparisons/stockflow-vs-tradegecko","no mapped file for route","noindex_follow","0","0","0","",""
"/seo/blog/3-ways-barcodes-and-qr-codes-reduce-human-error","no mapped file for route","noindex_follow","0","0","0","",""
"/comparisons/stockflow-vs-spreadsheets","no mapped file for route","noindex_follow","0","0","0","",""
"/seo/blog/how-to-implement-a-barcode-system-in-a-warehouse","no mapped file for route","noindex_follow","0","0","0","",""
"/barcode-scanning-inventory","no mapped file for route","noindex_follow","0","0","0","",""
"/seo/comparisons/stockflow-vs-katana","no mapped file for route","noindex_follow","0","0","0","",""
"/seo/blog/what-is-a-gs1-barcode","no mapped file for route","noindex_follow","0","0","0","",""
"/demo","no mapped file for route","noindex_follow","0","0","0","",""
"/seo/features/integrations","no mapped file for route","noindex_follow","0","0","0","",""
"/seo/blog/how-do-you-control-inventory","no mapped file for route","noindex_follow","0","0","0","",""
"/migrating-from-excel-to-inventory-software","no mapped file for route","noindex_follow","0","0","0","",""
"/productdetailpage","no mapped file for route","noindex_follow","0","0","0","",""
"/seo/features/alerts","no mapped file for route","noindex_follow","0","0","0","",""
"/seo/blog/how-to-track-equipment-inventory","no mapped file for route","noindex_follow","0","0","0","",""
"/seo/blog/how-do-you-set-up-an-inventory-system","no mapped file for route","noindex_follow","0","0","0","",""
"/addproductpage","no mapped file for route","noindex_follow","0","0","0","",""
"/comparisons/compare-inventory-software","no mapped file for route","noindex_follow","0","0","0","",""
"/seo/features/cycle-count","no mapped file for route","noindex_follow","0","0","0","",""
"/seo/blog/how-much-does-inventory-software-cost","no mapped file for route","noindex_follow","0","0","0","",""
"/seo/blog/inventory-management-for-contractors","no mapped file for route","noindex_follow","0","0","0","",""
"/caterpy","no mapped file for route","noindex_follow","0","0","0","",""
"/seo/glossary/vendor-managed-stock","no mapped file for route","noindex_follow","0","0","0","",""
"/seo/guides/how-to-choose-inventory-management-software","no mapped file for route","noindex_follow","0","0","0","",""
"/seo/glossary/consignment-inventory","no mapped file for route","noindex_follow","0","0","0","",""
"/seo/solutions/mobile-inventory-management","no mapped file for route","noindex_follow","0","0","0","",""
"/seo/blog/what-is-a-gs1-barcode","no mapped file for route","noindex_follow","0","0","0","",""
"/seo/industries/warehouse-software","no mapped file for route","noindex_follow","0","0","0","",""
"/seo/blog/supply-chain-inventory-management","no mapped file for route","noindex_follow","0","0","0","",""
"/barcodes-vs-qr-codes-for-inventory-management","no mapped file for route","noindex_follow","0","0","0","",""
"/seo/blog/what-is-the-best-free-inventory-management-software","no mapped file for route","noindex_follow","0","0","0","",""
"/seo/solutions/asset-tracking","no mapped file for route","noindex_follow","0","0","0","",""
"/cloud-stock-management","no mapped file for route","noindex_follow","0","0","0","",""
"/glossary/bill-of-materials","no mapped file for route","noindex_follow","0","0","0","",""
"/nl/stockflow-vs-sortly","no mapped file for route","noindex_follow","0","0","0","",""
"/seo/comparisons/stockflow-vs-tradegecko","no mapped file for route","noindex_follow","0","0","0","",""
"/servererror","no mapped file for route","noindex_follow","0","0","0","",""
"/seo/blog/inventory-control-systems","no mapped file for route","noindex_follow","0","0","0","",""
"/seo/comparisons/stockflow-vs-katana","no mapped file for route","noindex_follow","0","0","0","",""
"/glossary/economic-order-quantity","no mapped file for route","noindex_follow","0","0","0","",""
"/bigcommerce-inventory-management","no mapped file for route","noindex_follow","0","0","0","",""
"/glossary/inventory-asset","no mapped file for route","noindex_follow","0","0","0","",""
"/features/barcoding","no mapped file for route","noindex_follow","0","0","0","",""
"/physical-asset-management","no mapped file for route","noindex_follow","0","0","0","",""
"/seo/features/alerts","no mapped file for route","noindex_follow","0","0","0","",""
"/softwares-for-inventory-management","no mapped file for route","noindex_follow","0","0","0","",""
"/solutions/inventory-management-software-online","no mapped file for route","noindex_follow","0","0","0","",""
"/inventory-management-software-solutions","no mapped file for route","noindex_follow","0","0","0","",""
"/solutions/inventory-scanning-system","no mapped file for route","noindex_follow","0","0","0","",""
"/seo/blog/migrating-from-excel-to-inventory-software","no mapped file for route","noindex_follow","0","0","0","",""
"/secret-life-of-inventory-barcode-scanners-printers","no mapped file for route","noindex_follow","0","0","0","",""
"/solutions/online-inventory-software","no mapped file for route","noindex_follow","0","0","0","",""
"/starting-up","no mapped file for route","noindex_follow","0","0","0","",""
"/yuvi-foods","no mapped file for route","noindex_follow","0","0","0","",""
"/asn","no mapped file for route","noindex_follow","0","0","0","",""
"/seo/blog/5-signs-your-inventory-management-needs-an-overhaul","no mapped file for route","noindex_follow","0","0","0","",""
"/bill-of-materials-management-software","no mapped file for route","noindex_follow","0","0","0","",""
"/seo/blog/how-to-manage-inventory-in-restaurants","no mapped file for route","noindex_follow","0","0","0","",""
"/seo/blog/supply-chain-inventory-management","no mapped file for route","noindex_follow","0","0","0","",""
"/seo/uses/enterprise-inventory-management","no mapped file for route","noindex_follow","0","0","0","",""
"/seo/blog/what-are-the-3-major-inventory-management-techniques","no mapped file for route","noindex_follow","0","0","0","",""
"/inventory-system-for-small-business","no mapped file for route","noindex_follow","0","0","0","",""
"/break-bulk","no mapped file for route","noindex_follow","0","0","0","",""
"/sortlys-construction-customers-standing-strong-amidst-economic-shifts","no mapped file for route","noindex_follow","0","0","0","",""
"/seo/guides/avoid-inventory-mistakes","no mapped file for route","noindex_follow","0","0","0","",""
"/seo/solutions/assets-inventory","no mapped file for route","noindex_follow","0","0","0","",""
"/horeca-voorraadbeheer-tips","no mapped file for route","noindex_follow","0","0","0","",""
"/6-ways-sortly-can-save-your-business-time","no mapped file for route","noindex_follow","0","0","0","",""
"/2023-sortly-wrapped","no mapped file for route","noindex_follow","0","0","0","",""
"/sortly-capterra-shortlist-reviews-2025","no mapped file for route","noindex_follow","0","0","0","",""
"/how-bopis-is-changing-the-game","no mapped file for route","noindex_follow","0","0","0","",""
"/seo/industries/contractor-inventory-management","no mapped file for route","noindex_follow","0","0","0","",""
"/10-queer-eye-quotes-thatll-inspire-you-at-work","no mapped file for route","noindex_follow","0","0","0","",""
"/sand-dollar","no mapped file for route","noindex_follow","0","0","0","",""
"/seo/blog/what-is-a-stockout","no mapped file for route","noindex_follow","0","0","0","",""
"/avantcha-tea","no mapped file for route","noindex_follow","0","0","0","",""
"/sop-for-inventory","no mapped file for route","noindex_follow","0","0","0","",""
"/cin7-releases-the-2025-state-of-inventory-intelligence-study","no mapped file for route","noindex_follow","0","0","0","",""
"/de-minimis-exemption","no mapped file for route","noindex_follow","0","0","0","",""
"/seo/guides/avoid-inventory-mistakes","no mapped file for route","noindex_follow","0","0","0","",""
"/createglossarypage","no mapped file for route","noindex_follow","0","0","0","",""
"/inventory-turnover","no mapped file for route","noindex_follow","0","0","0","",""
"/the-grinch-who-stole-your-margins","no mapped file for route","noindex_follow","0","0","0","",""
"/rare-tea","no mapped file for route","noindex_follow","0","0","0","",""
"/mighty-mug","no mapped file for route","noindex_follow","0","0","0","",""
"/2024-cin7-partner-award-winners","no mapped file for route","noindex_follow","0","0","0","",""
"/seo/blog/inventory-management-best-practices","no mapped file for route","noindex_follow","0","0","0","",""
"/6-ways-sortly-can-save-your-business-money","no mapped file for route","noindex_follow","0","0","0","",""
"/sub-processor-site","no mapped file for route","noindex_follow","0","0","0","",""
"/cin7-core-is-now-a-walmart-approved-solution-provider","no mapped file for route","noindex_follow","0","0","0","",""
"/seo/features/integrations","no mapped file for route","noindex_follow","0","0","0","",""
"/seo/glossary/createglossarypage","no mapped file for route","noindex_follow","0","0","0","",""
"/glossary/inventory-management","no mapped file for route","noindex_follow","0","0","0","",""
"/glossary/inventory-cycle-counting","no mapped file for route","noindex_follow","0","0","0","",""
"/seo/resources/case-studies","no mapped file for route","noindex_follow","0","0","0","",""
"/seo/blog/how-to-choose-inventory-software-for-small-business","no mapped file for route","noindex_follow","0","0","0","",""
"/inventory-automation","no mapped file for route","noindex_follow","0","0","0","",""
"/glossary/pick-list","no mapped file for route","noindex_follow","0","0","0","",""
"/cin7-core-the-catalyst-for-unprecedented-business-growth","no mapped file for route","noindex_follow","0","0","0","",""
"/shopify-inventory-management","no mapped file for route","noindex_follow","0","0","0","",""
"/summer-star","no mapped file for route","noindex_follow","0","0","0","",""
"/programma-stockbeheer","no mapped file for route","noindex_follow","0","0","0","",""
"/guidance-from-a-cfo-propel-your-e-commerce-business-forward-in-2024","no mapped file for route","noindex_follow","0","0","0","",""
"/features/alerts","no mapped file for route","noindex_follow","0","0","0","",""
"/terms-of-use-core","no mapped file for route","noindex_follow","0","0","0","",""
"/minimum-order-quantity","no mapped file for route","noindex_follow","0","0","0","",""
"/seo/blog/how-do-you-organize-inventory","no mapped file for route","noindex_follow","0","0","0","",""
"/seo/glossary/asset-controller-meaning","no mapped file for route","noindex_follow","0","0","0","",""
"/seo/blog/benefits-of-construction-inventory-management","no mapped file for route","noindex_follow","0","0","0","",""
"/seo/blog/bill-of-materials-software-free","no mapped file for route","noindex_follow","0","0","0","",""
"/seo/uses/ecommerce-inventory-management","no mapped file for route","noindex_follow","0","0","0","",""
"/legal/terms-conditions","no mapped file for route","noindex_follow","0","0","0","",""
"/seo/blog/a-guide-to-visual-inventory-control","no mapped file for route","noindex_follow","0","0","0","",""
"/seo/blog/the-future-of-qr-codes-what-lies-ahead-for-inventory-management","no mapped file for route","noindex_follow","0","0","0","",""
"/seo/blog/what-is-the-best-free-inventory-management-software","no mapped file for route","noindex_follow","0","0","0","",""
"/seo/blog/barcodes-vs-qr-codes-for-inventory-management","no mapped file for route","noindex_follow","0","0","0","",""
"/seo/glossary/inventory-turnover","no mapped file for route","noindex_follow","0","0","0","",""
"/seo/glossary/what-is-lead-time","no mapped file for route","noindex_follow","0","0","0","",""
"/seo/features/barcoding","no mapped file for route","noindex_follow","0","0","0","",""
"/seo/glossary/consignment-inventory","no mapped file for route","noindex_follow","0","0","0","",""
"/seo/blog/how-to-manage-inventory-in-restaurants","no mapped file for route","noindex_follow","0","0","0","",""
"/notfound","no mapped file for route","noindex_follow","0","0","0","",""
"/seo/blog/asset-tracking-101","no mapped file for route","noindex_follow","0","0","0","",""
"/seo/blog/how-to-store-construction-materials","no mapped file for route","noindex_follow","0","0","0","",""
"/seo/blog/inventory-analysis","no mapped file for route","noindex_follow","0","0","0","",""
"/seo/blog/how-to-operate-an-a-school-inventory-management-system","no mapped file for route","noindex_follow","0","0","0","",""
"/seo/blog/reorder-point-formula","no mapped file for route","noindex_follow","0","0","0","",""
"/seo/features/purchase-requisition-software","no mapped file for route","noindex_follow","0","0","0","",""
"/seo/blog/how-do-you-categorize-inventory-items","no mapped file for route","noindex_follow","0","0","0","",""
"/seo/blog/inventory-formulas-and-ratios","no mapped file for route","noindex_follow","0","0","0","",""
"/seo/glossary/minimum-order-quantity","no mapped file for route","noindex_follow","0","0","0","",""
"/seo/glossary","no mapped file for route","noindex_follow","0","0","0","",""
"/servererror","no mapped file for route","noindex_follow","0","0","0","",""
"/seo/industries/wholesaler-inventory-management","no mapped file for route","noindex_follow","0","0","0","",""
"/seo/uses/electrical-inventory-management","no mapped file for route","noindex_follow","0","0","0","",""
"/seo/blog/9-must-have-inventory-control-software-features","no mapped file for route","noindex_follow","0","0","0","",""
"/seo/blog/what-is-demand-forecasting","no mapped file for route","noindex_follow","0","0","0","",""
"/seo/blog/what-is-inventory-shrinkage","no mapped file for route","noindex_follow","0","0","0","",""
"/seo/blog/migrating-from-excel-to-inventory-software","no mapped file for route","noindex_follow","0","0","0","",""
"/seo/blog/what-are-the-3-major-inventory-management-techniques","no mapped file for route","noindex_follow","0","0","0","",""
"/seo/solutions/inventory-management-software","no mapped file for route","noindex_follow","0","0","0","",""
"/seo/blog","no mapped file for route","noindex_follow","0","0","0","",""
"/seo/blog/barcode-inventory-system","no mapped file for route","noindex_follow","0","0","0","",""
"/seo/solutions/mobile-inventory-management","no mapped file for route","noindex_follow","0","0","0","",""
"/seo/solutions/stock-management-software","no mapped file for route","noindex_follow","0","0","0","",""
"/seo/blog/importance-of-inventory-management-manufacturing","no mapped file for route","noindex_follow","0","0","0","",""
"/seo/blog/10-most-common-inventory-management-mistakes-small-businesses","no mapped file for route","noindex_follow","0","0","0","",""
"/seo/blog/3-best-inventory-new-years-resolutions","no mapped file for route","noindex_follow","0","0","0","",""
"/seo/industries/retail-inventory-management","no mapped file for route","noindex_follow","0","0","0","",""
"/about","no mapped file for route","noindex_follow","0","0","0","",""
"/nl/voorraadbeheer-bakkerij","no mapped file for route","noindex_follow","0","0","0","",""
"/seo/blog/how-to-choose-inventory-software-for-small-business","no mapped file for route","noindex_follow","0","0","0","",""
"/seo/blog/how-to-label-inventory","no mapped file for route","noindex_follow","0","0","0","",""
"/seo/blog/10-reasons-to-upgrade-your-it-asset-management-strategy","no mapped file for route","noindex_follow","0","0","0","",""
"/seo/uses/hvac-inventory-management","no mapped file for route","noindex_follow","0","0","0","",""
"/seo/blog/equipment-inventory-management-best-practices","no mapped file for route","noindex_follow","0","0","0","",""
"/seo/blog/how-to-store-medical-supplies","no mapped file for route","noindex_follow","0","0","0","",""
"/seo/comparisons/compare-inventory-software","no mapped file for route","noindex_follow","0","0","0","",""
"/seo/solutions/inventory-software","no mapped file for route","noindex_follow","0","0","0","",""
"/seo/glossary/inventory-automation","no mapped file for route","noindex_follow","0","0","0","",""
"/products","no mapped file for route","noindex_follow","0","0","0","",""
"/seo/glossary/warehouse-management","no mapped file for route","noindex_follow","0","0","0","",""
"/seo/glossary/just-in-time-inventory","no mapped file for route","noindex_follow","0","0","0","",""
"/seo/glossary/vendor-managed-stock","no mapped file for route","noindex_follow","0","0","0","",""
"/seo/blog/how-to-inventory-your-tools","no mapped file for route","noindex_follow","0","0","0","",""
"/seo/glossary/inventory-management","no mapped file for route","noindex_follow","0","0","0","",""
"/seo/guides/how-to-choose-inventory-management-software","no mapped file for route","noindex_follow","0","0","0","",""
"/seo/blog/how-to-optimize-inventory-levels-in-construction","no mapped file for route","noindex_follow","0","0","0","",""
"/seo/blog/how-to-set-up-barcode-scanning-with-stockflow","no mapped file for route","noindex_follow","0","0","0","",""
"/seo/uses/medical-inventory-management","no mapped file for route","noindex_follow","0","0","0","",""
"/seo/blog/how-do-small-businesses-organize-their-inventory","no mapped file for route","noindex_follow","0","0","0","",""
"/inventory-software","multiple mapped files for route","noindex_follow","0","0","0","C:/Users/tibea/Desktop/Coding/StockFlow/src/pages/SEO/inventory-management-bing.tsx;C:/Users/tibea/Desktop/Coding/StockFlow/src/pages/SEO/inventory-software.tsx",""
"/organized-valuable-collection","no mapped file for route","noindex_follow","0","0","0","",""
"/supply-chain-inventory-optimization-with-materials-tracking","no mapped file for route","noindex_follow","0","0","0","",""
"/why-your-business-should-track-assets-too","no mapped file for route","noindex_follow","0","0","0","",""
"/videos","no mapped file for route","noindex_follow","0","0","0","",""
"/suppliers","multiple mapped files for route","noindex_follow","0","0","0","C:/Users/tibea/Desktop/Coding/StockFlow/src/pages/SEO/suppliers.tsx;C:/Users/tibea/Desktop/Coding/StockFlow/src/pages/SEO/features/suppliers.tsx",""
"/stockflow-vs-shopify-inventory","no mapped file for route","noindex_follow","0","0","0","",""
"/stockflow-vs-quickbooks","no mapped file for route","noindex_follow","0","0","0","",""
"/de/inventory-management-software","no mapped file for route","noindex_follow","0","0","0","",""
"/voorraadbeheer-tips","no mapped file for route","noindex_follow","0","0","0","",""
"/about","no mapped file for route","noindex_follow","0","0","0","",""
"/gratis-voorraadbeheer-software","no mapped file for route","noindex_follow","0","0","0","",""
"/online-inventory-software","no mapped file for route","noindex_follow","0","0","0","",""
"/voorraadbeheer-excel-vs-software","no mapped file for route","noindex_follow","0","0","0","",""
"/software-for-inventory-management","no mapped file for route","noindex_follow","0","0","0","",""
"/inventory-software-for-small-business","no mapped file for route","noindex_follow","0","0","0","",""
"/free-warehouse-software","no mapped file for route","noindex_follow","0","0","0","",""
"/seo/blog/5-signs-your-inventory-management-needs-an-overhaul","no mapped file for route","noindex_follow","0","0","0","",""
"/seo/blog/inventory-management-for-small-business-complete-guide","no mapped file for route","noindex_follow","0","0","0","",""
"/seo/blog/10-reasons-to-consider-cloud-based-inventory-management","no mapped file for route","noindex_follow","0","0","0","",""
"/seo/resources/case-studies","no mapped file for route","noindex_follow","0","0","0","",""
"/seo/blog/parts-inventory-management-best-practices","no mapped file for route","noindex_follow","0","0","0","",""
"/warehouse-execution-system","no mapped file for route","noindex_follow","0","0","0","",""
"/seo/blog/buffer-stock","no mapped file for route","noindex_follow","0","0","0","",""
"/seo/glossary/inventory-optimization","no mapped file for route","noindex_follow","0","0","0","",""
"/how-to-store-raw-materials","no mapped file for route","noindex_follow","0","0","0","",""
"/seo/blog/how-to-implement-a-barcode-system-in-a-warehouse","no mapped file for route","noindex_follow","0","0","0","",""
"/capacity-requirement-planning","no mapped file for route","noindex_follow","0","0","0","",""
"/education-inventory-management","no mapped file for route","noindex_follow","0","0","0","",""
"/seo/industries/medical-inventory-management","no mapped file for route","noindex_follow","0","0","0","",""
"/comparisons/stockflow-vs-spreadsheets","no mapped file for route","noindex_follow","0","0","0","",""
"/si/","no mapped file for route","noindex_follow","0","0","0","",""
"/seo/blog/reorder-point-formula","no mapped file for route","noindex_follow","0","0","0","",""
"/seo/blog/how-to-track-equipment-inventory","no mapped file for route","noindex_follow","0","0","0","",""
"/seo/glossary/asset-controller-meaning","no mapped file for route","noindex_follow","0","0","0","",""
"/warehouse-inventory-management","no mapped file for route","noindex_follow","0","0","0","",""
"/de/voorraadbeheer","no mapped file for route","noindex_follow","0","0","0","",""
"/seo/blog/bill-of-materials-software-free","no mapped file for route","noindex_follow","0","0","0","",""
"/seo/blog/how-to-store-construction-materials","no mapped file for route","noindex_follow","0","0","0","",""
"/comparisons/stockflow-vs-katana","no mapped file for route","noindex_follow","0","0","0","",""
"/seo/blog/how-to-operate-an-a-school-inventory-management-system","no mapped file for route","noindex_follow","0","0","0","",""
"/es/terms-conditions","no mapped file for route","noindex_follow","0","0","0","",""
"/seo/blog/what-is-inventory-shrinkage","no mapped file for route","noindex_follow","0","0","0","",""
"/seo/blog/10-most-common-inventory-management-mistakes-small-businesses","no mapped file for route","noindex_follow","0","0","0","",""
"/billofmaterialspage","no mapped file for route","noindex_follow","0","0","0","",""
"/seo/blog/tracking-large-inventory-quantities","no mapped file for route","noindex_follow","0","0","0","",""
"/seo/blog/3-best-inventory-new-years-resolutions","no mapped file for route","noindex_follow","0","0","0","",""
"/seo/solutions/simple-stock-management","no mapped file for route","noindex_follow","0","0","0","",""
"/how-sortly-customers-use-barcodes-and-qr-codes","no mapped file for route","noindex_follow","0","0","0","",""
"/seo/comparisons/stockflow-vs-sortly","no mapped file for route","noindex_follow","0","0","0","",""
"/seo/blog/10-reasons-to-consider-cloud-based-inventory-management","no mapped file for route","noindex_follow","0","0","0","",""
"/seo/solutions/assets-inventory","no mapped file for route","noindex_follow","0","0","0","",""
"/glossary/safety-stock","no mapped file for route","noindex_follow","0","0","0","",""
"/wat-is-voorraadbeheer-software","no mapped file for route","noindex_follow","0","0","0","",""
"/seo/blog/inventory-management-for-small-business-complete-guide","no mapped file for route","noindex_follow","0","0","0","",""
"/how-can-you-make-inventory-more-efficient","no mapped file for route","noindex_follow","0","0","0","",""
"/pl/voorraadbeheer-bakkerij","no mapped file for route","noindex_follow","0","0","0","",""
"/why-your-digital-agency-needs-cin7","no mapped file for route","noindex_follow","0","0","0","",""
"/seo/glossary/inventory-management","no mapped file for route","noindex_follow","0","0","0","",""
"/seo/blog/parts-inventory-management-best-practices","no mapped file for route","noindex_follow","0","0","0","",""
"/si/voorraadbeheer-app","no mapped file for route","noindex_follow","0","0","0","",""
"/seo/features/purchase-requisition-software","no mapped file for route","noindex_follow","0","0","0","",""
"/seo/solutions/construction-inventory-management-system","no mapped file for route","noindex_follow","0","0","0","",""
"/grof","no mapped file for route","noindex_follow","0","0","0","",""
"/seo/blog/inventory-management-best-practices","no mapped file for route","noindex_follow","0","0","0","",""
"/2025-cin7-award-finalists","no mapped file for route","noindex_follow","0","0","0","",""
"/ro/blog/horeca-voorraadbeheer-tips","no mapped file for route","noindex_follow","0","0","0","",""
"/ro/gratis-voorraadbeheer-software","no mapped file for route","noindex_follow","0","0","0","",""
"/seo/industries/medical-inventory-management","no mapped file for route","noindex_follow","0","0","0","",""
"/fr/inventory-tracker","no mapped file for route","noindex_follow","0","0","0","",""
"/inventory-scanning-system","no mapped file for route","noindex_follow","0","0","0","",""
"/seo/blog/inventory-management-101","no mapped file for route","noindex_follow","0","0","0","",""
"/seo/blog/how-do-small-businesses-organize-their-inventory","no mapped file for route","noindex_follow","0","0","0","",""
"/stockflow-vs-skuvault","no mapped file for route","noindex_follow","0","0","0","",""
"/seo/blog/common-inventory-mistakes-and-how-to-avoid-them","no mapped file for route","noindex_follow","0","0","0","",""
"/seo/blog/what-is-a-stockout","no mapped file for route","noindex_follow","0","0","0","",""
"/glossary/warehouse-management-system","no mapped file for route","noindex_follow","0","0","0","",""
"/ro/inventory-management","no mapped file for route","noindex_follow","0","0","0","",""
"/seo/blog/how-do-you-control-inventory","no mapped file for route","noindex_follow","0","0","0","",""
"/inventory-management-systems-solutions","no mapped file for route","noindex_follow","0","0","0","",""
"/seo/comparisons/stockflow-vs-zoho-inventory","no mapped file for route","noindex_follow","0","0","0","",""
"/glossary/80-20-inventory-rule","no mapped file for route","noindex_follow","0","0","0","",""
"/seo/glossary/warehouse-management","no mapped file for route","noindex_follow","0","0","0","",""
"/bill-of-materials-management-software-free","no mapped file for route","noindex_follow","0","0","0","",""
"/seo/blog/how-to-label-inventory","no mapped file for route","noindex_follow","0","0","0","",""
"/seo/blog/benefits-of-construction-inventory-management","no mapped file for route","noindex_follow","0","0","0","",""
"/seo/blog/10-reasons-to-upgrade-your-it-asset-management-strategy","no mapped file for route","noindex_follow","0","0","0","",""
"/solutions/construction-inventory-app","no mapped file for route","noindex_follow","0","0","0","",""
"/seo/industries/contractor-inventory-management","no mapped file for route","noindex_follow","0","0","0","",""
"/seo/uses/hvac-inventory-management","no mapped file for route","noindex_follow","0","0","0","",""
"/seo/blog/9-must-have-inventory-control-software-features","no mapped file for route","noindex_follow","0","0","0","",""
"/si","no mapped file for route","noindex_follow","0","0","0","",""
"/how-do-you-set-up-an-inventory-system","no mapped file for route","noindex_follow","0","0","0","",""
"/seo/comparisons/compare-inventory-software","no mapped file for route","noindex_follow","0","0","0","",""
"/sitemap.xml","no mapped file for route","noindex_follow","0","0","0","",""
"/seo/blog/year-end-inventory","no mapped file for route","noindex_follow","0","0","0","",""
"/seo/solutions/construction-inventory-management-system","no mapped file for route","noindex_follow","0","0","0","",""
"/how-hvac-professionals-use-sortly","no mapped file for route","noindex_follow","0","0","0","",""
"/restaurant-inventory-management-software","action not deletable","keep_upgrade","0","2858","1259","C:/Users/tibea/Desktop/Coding/StockFlow/src/pages/SEO/industries/restaurant-inventory-management-software.tsx",""
"/non-profit-inventory-management-software","action not deletable","keep_upgrade","2","2557","2317","C:/Users/tibea/Desktop/Coding/StockFlow/src/pages/SEO/industries/non-profit-inventory-management-software.tsx",""
"/electrical-inventory-management","action not deletable","keep_upgrade","2","2071","215","C:/Users/tibea/Desktop/Coding/StockFlow/src/pages/SEO/uses/electrical-inventory-management.tsx",""
"/inventory-formulas-and-ratios","action not deletable","keep_upgrade","0","1442","252","C:/Users/tibea/Desktop/Coding/StockFlow/src/pages/SEO/blog/inventory-formulas-and-ratios.tsx",""
"/inventory-management-best-practices","action not deletable","keep_upgrade","0","1128","5864","C:/Users/tibea/Desktop/Coding/StockFlow/src/pages/SEO/blog/inventory-management-best-practices.tsx",""
"/hvac-inventory-management-software","action not deletable","keep_upgrade","1","257","733","C:/Users/tibea/Desktop/Coding/StockFlow/src/pages/SEO/industries/hvac-inventory-management-software.tsx",""
"/qr-codes-for-equipment-maintenance","no mapped file for route","keep_upgrade","1","231","774","",""
"/track-inventory-free","no mapped file for route","keep_upgrade","2","78","2964","",""
"/parts-inventory-management-best-practices","action not deletable","keep_upgrade","1","72","847","C:/Users/tibea/Desktop/Coding/StockFlow/src/pages/SEO/blog/parts-inventory-management-best-practices.tsx",""
"/how-to-set-up-barcode-scanning-with-stockflow","no mapped file for route","keep_upgrade","1","24","542","",""
"/how-to-calculate-wholesale-price-sortly","action not deletable","keep_upgrade","1","10","107","C:/Users/tibea/Desktop/Coding/StockFlow/src/pages/SEO/how-to-calculate-wholesale-price-sortly.tsx",""
"/sku-vs-upc","action not deletable","keep_upgrade","1","4","45","C:/Users/tibea/Desktop/Coding/StockFlow/src/pages/SEO/sku-vs-upc.tsx",""
"/inventory-for-hospitality","no mapped file for route","keep_noindex","0","1","9","",""
"/solutions/inventory-management-software","no mapped file for route","keep_noindex","0","0","0","",""
"/seo/industries/retail-inventory-management","no mapped file for route","keep_noindex","0","0","0","",""
"/cookies","no mapped file for route","keep_noindex","0","0","0","",""
"/features/purchase-requisition-software","no mapped file for route","keep_noindex","0","0","0","",""
"/hu/blog/excel-vs-software-voorraadbeheer","no mapped file for route","keep_noindex","0","0","0","",""
"/seo/blog/barcodes-vs-qr-codes-for-inventory-management","no mapped file for route","keep_noindex","0","0","0","",""
"/seo/uses/electrical-inventory-management","no mapped file for route","keep_noindex","0","0","0","",""
"/seo/solutions/inventory-management-software","no mapped file for route","keep_noindex","0","0","0","",""
"/seo/blog/asset-tracking-101","no mapped file for route","keep_noindex","0","0","0","",""
"/why-supply-chain-traceability-matters-to-small-businesses","no mapped file for route","keep_noindex","0","0","0","",""
"/demo","no mapped file for route","keep_noindex","0","0","0","",""
"/higher-education-inventory-management","no mapped file for route","keep_noindex","0","0","0","",""
"/seo/blog/what-is-a-good-inventory-turnover-ratio","no mapped file for route","keep_noindex","0","0","0","",""
"/seo/blog/inventory-management-for-contractors","no mapped file for route","keep_noindex","0","0","0","",""
"/seo/blog/calculating-beginning-inventory","no mapped file for route","keep_noindex","0","0","0","",""
"/features/integrations","no mapped file for route","keep_noindex","0","0","0","",""
"/seo/features/cycle-count","no mapped file for route","keep_noindex","0","0","0","",""
"/seo/features/barcoding","no mapped file for route","keep_noindex","0","0","0","",""
"/hu/magazijnbeheer-software-gratis","no mapped file for route","keep_noindex","0","0","0","",""
"/seo/glossary/inventory-optimization","no mapped file for route","keep_noindex","0","0","0","",""
"/seo/industries/wholesaler-inventory-management","no mapped file for route","keep_noindex","0","0","0","",""
"/seo/glossary/inventory-turnover","no mapped file for route","keep_noindex","0","0","0","",""
"/best-free-inventory-software-with-native-barcode-scanning","no mapped file for route","keep_noindex","0","0","0","",""
"/th/inventory-software-for-small-business","no mapped file for route","keep_noindex","0","0","0","",""
"/ro/voorraadbeheer-bakkerij","no mapped file for route","keep_noindex","0","0","0","",""
"/glossary/landed-cost","no mapped file for route","keep_noindex","0","0","0","",""
"/seo/blog/inventory-analysis","no mapped file for route","keep_noindex","0","0","0","",""
"/seo/solutions/stock-management-software","no mapped file for route","keep_noindex","0","0","0","",""
"/seo/blog/inventory-formulas-and-ratios","no mapped file for route","keep_noindex","0","0","0","",""
"/seo/uses/medical-inventory-management","no mapped file for route","keep_noindex","0","0","0","",""
"/seo/glossary/minimum-order-quantity","no mapped file for route","keep_noindex","0","0","0","",""
"/seo/blog/how-to-optimize-inventory-levels-in-construction","no mapped file for route","keep_noindex","0","0","0","",""
"/seo/blog/the-future-of-qr-codes-what-lies-ahead-for-inventory-management","no mapped file for route","keep_noindex","0","0","0","",""
"/seo/glossary/just-in-time-inventory","no mapped file for route","keep_noindex","0","0","0","",""
"/seo/blog/how-to-set-up-barcode-scanning-with-stockflow","no mapped file for route","keep_noindex","0","0","0","",""
"/warehousepage","no mapped file for route","keep_noindex","0","0","0","",""
"/zafino","no mapped file for route","keep_noindex","0","0","0","",""
"/seo/blog/3-ways-barcodes-and-qr-codes-reduce-human-error","no mapped file for route","keep_noindex","0","0","0","",""
"/warehousepage","no mapped file for route","keep_noindex","0","0","0","",""
"/th/voorraadbeheer-horeca","no mapped file for route","keep_noindex","0","0","0","",""
"/retail-price","no mapped file for route","keep_noindex","0","0","0","",""
"/seo/blog/how-do-you-organize-inventory","no mapped file for route","keep_noindex","0","0","0","",""
"/hgv-driver-shortage-uk-smbs","no mapped file for route","keep_noindex","0","0","0","",""
"/es/gratis-voorraadbeheer-app","no mapped file for route","keep_noindex","0","0","0","",""
"/seo/glossary","no mapped file for route","keep_noindex","0","0","0","",""
"/seo/blog/a-guide-to-visual-inventory-control","no mapped file for route","keep_noindex","0","0","0","",""
"/guestsandbox","no mapped file for route","keep_noindex","0","0","0","",""
"/seo/blog/importance-of-inventory-management-manufacturing","no mapped file for route","keep_noindex","0","0","0","",""
"/how-food-and-beverage-professionals-use-sortly","no mapped file for route","keep_noindex","0","0","0","",""
"/seo/blog","no mapped file for route","keep_noindex","0","0","0","",""
"/seo/blog/buffer-stock","no mapped file for route","keep_noindex","0","0","0","",""
"/seo/solutions/inventory-software","no mapped file for route","keep_noindex","0","0","0","",""
"/seo/blog/how-much-does-inventory-software-cost","no mapped file for route","keep_noindex","0","0","0","",""
"/how-to-generate-barcode","no mapped file for route","keep_noindex","0","0","0","",""
"/comparisons/compare-inventory-software","no mapped file for route","keep_noindex","0","0","0","",""
"/why-is-inventory-management-important","no mapped file for route","keep_noindex","0","0","0","",""
"/mobiel-voorraadbeheer","no mapped file for route","keep_noindex","0","0","0","",""
"/si/best-online-inventory-software","no mapped file for route","keep_noindex","0","0","0","",""
"/seo/blog/how-to-inventory-your-tools","no mapped file for route","keep_noindex","0","0","0","",""
"/purchase-orders","no mapped file for route","keep_noindex","0","0","0","",""
"/seo/blog/how-do-you-categorize-inventory-items","no mapped file for route","keep_noindex","0","0","0","",""
"/erp-software","no mapped file for route","keep_noindex","0","0","0","",""
"/es/blog/excel-vs-software-voorraadbeheer","no mapped file for route","keep_noindex","0","0","0","",""
"/ro/stockbeheer-app","no mapped file for route","keep_noindex","0","0","0","",""
"/it/mobiel-voorraadbeheer","no mapped file for route","keep_noindex","0","0","0","",""
"/solutions/software-for-inventory-management","no mapped file for route","keep_noindex","0","0","0","",""
"/solutions/inventory-software-management","no mapped file for route","keep_noindex","0","0","0","",""
"/inventory-software-management","no mapped file for route","keep_noindex","0","0","0","",""
"/th/stockbeheer","no mapped file for route","keep_noindex","0","0","0","",""
"/multiple-warehouse-inventory-management","no mapped file for route","keep_noindex","0","0","0","",""
"/stockbeheer-software","no mapped file for route","keep_noindex","0","0","0","",""
"/solutions/inventory-management-software-cloud-based","no mapped file for route","keep_noindex","0","0","0","",""
"/ro/magazijnbeheer-software-gratis","no mapped file for route","keep_noindex","0","0","0","",""
"/how-to-take-inventory-for-small-businesses","no mapped file for route","keep_noindex","0","0","0","",""
"/seo/glossary/inventory-automation","no mapped file for route","keep_noindex","0","0","0","",""
"/seo/blog/equipment-inventory-management-best-practices","no mapped file for route","keep_noindex","0","0","0","",""
"/solutions/inventory-management-software-list","no mapped file for route","keep_noindex","0","0","0","",""
"/sidelife","no mapped file for route","keep_noindex","0","0","0","",""
"/seo/blog/barcode-inventory-system","no mapped file for route","keep_noindex","0","0","0","",""
"/scan","no mapped file for route","keep_noindex","0","0","0","",""
"/can-i-use-qr-codes-for-inventory","no mapped file for route","keep_noindex","0","0","0","",""
"/what-is-a-barcode-inventory-system","no mapped file for route","keep_noindex","0","0","0","",""
"/seo/solutions/asset-tracking","no mapped file for route","keep_noindex","0","0","0","",""
"/features/alerts","no mapped file for route","keep_noindex","0","0","0","",""
"/solutions/inventory-system-for-small-business","no mapped file for route","keep_noindex","0","0","0","",""
"/best-voorraadbeheer-software-kmo","no mapped file for route","keep_noindex","0","0","0","",""
"/th/inventory-software-management","no mapped file for route","keep_noindex","0","0","0","",""
"/th/voorraadbeheer-tips","no mapped file for route","keep_noindex","0","0","0","",""
"/all-seo-articles","no mapped file for route","keep_noindex","0","0","0","",""
"/pl/","no mapped file for route","keep_noindex","0","0","0","",""
"/hu/voorraadbeheer-software","no mapped file for route","keep_noindex","0","0","0","",""
"/de/best-inventory-management-software","no mapped file for route","keep_noindex","0","0","0","",""
"/fr/voorraadbeheer-voor-starters","no mapped file for route","keep_noindex","0","0","0","",""
"/sv/inventory-software-management","no mapped file for route","keep_noindex","0","0","0","",""
"/fr/","no mapped file for route","keep_noindex","0","0","0","",""
"/inventory-tracker","no mapped file for route","keep_noindex","0","0","0","",""
"/solutions/assets-inventory","no mapped file for route","keep_noindex","0","0","0","",""
"/inventory-management-hospitality","no mapped file for route","keep_noindex","0","0","0","",""
"/ro/inventory-software-management","no mapped file for route","keep_noindex","0","0","0","",""
"/fr/warehouse-software","no mapped file for route","keep_noindex","0","0","0","",""
"/ro/inventory-software","no mapped file for route","keep_noindex","0","0","0","",""
"/glossary/lead-time","no mapped file for route","keep_noindex","0","0","0","",""
"/es/software-for-inventory-management","no mapped file for route","keep_noindex","0","0","0","",""
"/hu/warehouse-software","no mapped file for route","keep_noindex","0","0","0","",""
"/sv/warehouse-management-system","no mapped file for route","keep_noindex","0","0","0","",""
"/th/voorraadbeheer-bakkerij","no mapped file for route","keep_noindex","0","0","0","",""
"/es/inventory-management","no mapped file for route","keep_noindex","0","0","0","",""
"/es/softwares-for-inventory-management","no mapped file for route","keep_noindex","0","0","0","",""
"/it/inventory-management","no mapped file for route","keep_noindex","0","0","0","",""
"/inventory-management-training","no mapped file for route","keep_noindex","0","0","0","",""
"/scan","no mapped file for route","keep_noindex","0","0","0","",""
"/fr/best-inventory-management-software","no mapped file for route","keep_noindex","0","0","0","",""
"/si/softwares-for-inventory-management","no mapped file for route","keep_noindex","0","0","0","",""
"/what-is-the-point-of-inventory-control","no mapped file for route","keep_noindex","0","0","0","",""
"/fr/warehouse-management-system","no mapped file for route","keep_noindex","0","0","0","",""
"/sv/voorraadbeheer-bakkerij","no mapped file for route","keep_noindex","0","0","0","",""
"/solutions/manufacturing-inventory-management","no mapped file for route","keep_noindex","0","0","0","",""
"/sv/inventory-tracker","no mapped file for route","keep_noindex","0","0","0","",""
"/th/inventory-management","no mapped file for route","keep_noindex","0","0","0","",""
"/crm-inventory-management","no mapped file for route","keep_noindex","0","0","0","",""
"/legal/privacy-policy","no mapped file for route","keep_noindex","0","0","0","",""
"/cin7-updates-q1-2024","no mapped file for route","keep_noindex","0","0","0","",""
"/nl","no mapped file for route","keep_noindex","0","0","0","",""
"/voorraadbeheer-automatiseren-5-stappen","no mapped file for route","keep_noindex","0","0","0","",""
"/glossary/moving-average-cost","no mapped file for route","keep_noindex","0","0","0","",""
"/es/inventory-software","no mapped file for route","keep_noindex","0","0","0","",""
"/legal/privacy-policy","no mapped file for route","keep_noindex","0","0","0","",""
"/checklist-voorraadbeheer-software-gereed","no mapped file for route","keep_noindex","0","0","0","",""
"/ro/software-for-inventory-management","no mapped file for route","keep_noindex","0","0","0","",""
"/bill-of-materials-inventory-management","no mapped file for route","keep_noindex","0","0","0","",""
"/best-online-inventory-system","no mapped file for route","keep_noindex","0","0","0","",""
"/ro/warehouse-software","no mapped file for route","keep_noindex","0","0","0","",""
"/glossary/purchase-requisition","no mapped file for route","keep_noindex","0","0","0","",""
"/inventory-management","protected path","keep","0","205","627","C:/Users/tibea/Desktop/Coding/StockFlow/src/pages/SEO/glossary/inventory-management.tsx",""
"/pricing","protected path","keep","0","83","249","C:/Users/tibea/Desktop/Coding/StockFlow/src/pages/SEO/pricing.tsx",""
"/customers","protected path","keep","1","65","375","",""
"/reporting","protected path","keep","0","1","6","",""
"/resources","protected path","keep","0","0","0","C:/Users/tibea/Desktop/Coding/StockFlow/src/pages/SEO/resources/blog.tsx",""
"/features","protected path","keep","0","0","0","",""
"/reorder-point-formula","protected path","keep","0","0","0","C:/Users/tibea/Desktop/Coding/StockFlow/src/pages/SEO/blog/reorder-point-formula.tsx",""
"/contact","protected path","keep","0","0","0","",""
"/integrations","protected path","keep","0","0","0","",""
"/how-to-perform-an-inventory-cycle-count","protected path","keep","0","0","0","C:/Users/tibea/Desktop/Coding/StockFlow/src/pages/SEO/blog/how-to-perform-an-inventory-cycle-count.tsx",""
"/resources","protected path","keep","0","0","0","C:/Users/tibea/Desktop/Coding/StockFlow/src/pages/SEO/resources/blog.tsx",""
"/inventory-management-software","protected path","keep","0","0","0","C:/Users/tibea/Desktop/Coding/StockFlow/src/pages/SEO/inventory-management-software.tsx",""
"/","protected path","keep","0","0","0","",""
"/customers","protected path","keep","0","0","0","",""
"/contact","protected path","keep","0","0","0","",""
"/inventory-management-software","protected path","keep","0","0","0","C:/Users/tibea/Desktop/Coding/StockFlow/src/pages/SEO/inventory-management-software.tsx",""
"/blog/track-inventory-free","no mapped file for route","301","0","55","4333","","/track-inventory-free"
"/blog/best-manufacturing-apps","no mapped file for route","301","0","0","0","","/best-manufacturing-apps"
"/blog/bill-of-materials-software-free","no mapped file for route","301","0","0","0","","/bill-of-materials-software-free"
"/blog/buffer-stock","no mapped file for route","301","0","0","0","","/buffer-stock"
"/blog/best-stock-management-software","no mapped file for route","301","0","0","0","","/best-stock-management-software"
"/blog/barcode-inventory-system","no mapped file for route","301","0","0","0","","/barcode-inventory-system"
"/blog/best-online-inventory-software","no mapped file for route","301","0","0","0","","/best-online-inventory-software"
"/blog/asset-tracking-101","no mapped file for route","301","0","0","0","","/asset-tracking-101"
"/blog/best-free-inventory-software-with-barcode-scanning","no mapped file for route","301","0","0","0","","/best-free-inventory-software-with-barcode-scanning"
"/blog/business-inventory-app","no mapped file for route","301","0","0","0","","/business-inventory-app"
"/blog/how-do-small-businesses-organize-their-inventory","no mapped file for route","301","0","0","0","","/how-do-small-businesses-organize-their-inventory"
"/blog/handheld-inventory-scanners","no mapped file for route","301","0","0","0","","/handheld-inventory-scanners"
"/blog/how-do-upcs-barcodes-help-with-inventory-control","no mapped file for route","301","0","0","0","","/how-do-upcs-barcodes-help-with-inventory-control"
"/blog/how-do-you-control-inventory","no mapped file for route","301","0","0","0","","/how-do-you-control-inventory"
"/blog/how-do-you-categorize-inventory-items","no mapped file for route","301","0","0","0","","/how-do-you-categorize-inventory-items"
"/blog/common-inventory-mistakes-and-how-to-avoid-them","no mapped file for route","301","0","0","0","","/common-inventory-mistakes-and-how-to-avoid-them"
"/blog/calculating-beginning-inventory","no mapped file for route","301","0","0","0","","/calculating-beginning-inventory"
"/blog/year-end-inventory","no mapped file for route","301","0","0","0","","/year-end-inventory"
"/blog/equipment-inventory-management-best-practices","no mapped file for route","301","0","0","0","","/equipment-inventory-management-best-practices"
"/blog/enterprise-inventory-management","no mapped file for route","301","0","0","0","","/enterprise-inventory-management"
"/blog/inventory-optimization-strategies","no mapped file for route","301","0","0","0","","/inventory-optimization-strategies"
"/blog/space-optimization-strategies","no mapped file for route","301","0","0","0","","/space-optimization-strategies"
"/blog/inventory-management-best-practices","no mapped file for route","301","0","0","0","","/inventory-management-best-practices"
"/blog/calculating-raw-materials-inventory","no mapped file for route","301","0","0","0","","/calculating-raw-materials-inventory"
"/blog/periodic-vs-perpetual-inventory","no mapped file for route","301","0","0","0","","/periodic-vs-perpetual-inventory"
"/blog/roi-calculator-for-inventory-software","no mapped file for route","301","0","0","0","","/roi-calculator-for-inventory-software"
"/blog/benefits-of-construction-inventory-management","no mapped file for route","301","0","0","0","","/benefits-of-construction-inventory-management"
"/blog/restaurant-inventory-management-best-practices","no mapped file for route","301","0","0","0","","/restaurant-inventory-management-best-practices"
"/blog/10-most-common-inventory-management-mistakes-small-businesses","no mapped file for route","301","0","0","0","","/10-most-common-inventory-management-mistakes-small-businesses"
"/blog/6-ways-qr-codes-will-boost-inventory-management","no mapped file for route","301","0","0","0","","/6-ways-qr-codes-will-boost-inventory-management"
"/blog/5-tips-to-improve-inventory-control","no mapped file for route","301","0","0","0","","/5-tips-to-improve-inventory-control"
"/blog/9-must-have-inventory-control-software-features","no mapped file for route","301","0","0","0","","/9-must-have-inventory-control-software-features"
"/blog/apps-for-restaurant-owners","no mapped file for route","301","0","0","0","","/apps-for-restaurant-owners"
"/blog/a-guide-to-visual-inventory-control","no mapped file for route","301","0","0","0","","/a-guide-to-visual-inventory-control"
"/blog/10-reasons-to-upgrade-your-it-asset-management-strategy","no mapped file for route","301","0","0","0","","/10-reasons-to-upgrade-your-it-asset-management-strategy"
"/blog/10-reasons-to-consider-cloud-based-inventory-management","no mapped file for route","301","0","0","0","","/10-reasons-to-consider-cloud-based-inventory-management"
"/blog/3-best-inventory-new-years-resolutions","no mapped file for route","301","0","0","0","","/3-best-inventory-new-years-resolutions"
"/blog/5-signs-your-inventory-management-needs-an-overhaul","no mapped file for route","301","0","0","0","","/5-signs-your-inventory-management-needs-an-overhaul"
"/blog/3-ways-barcodes-and-qr-codes-reduce-human-error","no mapped file for route","301","0","0","0","","/3-ways-barcodes-and-qr-codes-reduce-human-error"
"/blog/inventory-control-systems","no mapped file for route","301","0","0","0","","/inventory-control-systems"
"/blog/inventory-forecasting-and-demand-planning-in-construction","no mapped file for route","301","0","0","0","","/inventory-forecasting-and-demand-planning-in-construction"
"/blog/inventory-formulas-and-ratios","no mapped file for route","301","0","0","0","","/inventory-formulas-and-ratios"
"/blog/how-to-track-equipment-inventory","no mapped file for route","301","0","0","0","","/how-to-track-equipment-inventory"
"/blog/importance-of-inventory-management-manufacturing","no mapped file for route","301","0","0","0","","/importance-of-inventory-management-manufacturing"
"/blog/inventory-analysis","no mapped file for route","301","0","0","0","","/inventory-analysis"
"/blog/inventory-management-101","no mapped file for route","301","0","0","0","","/inventory-management-101"
"/blog/inventory-planning-software","no mapped file for route","301","0","0","0","","/inventory-planning-software"
"/blog/it-inventory-management-software-free","no mapped file for route","301","0","0","0","","/it-inventory-management-software-free"
"/blog/inventory-management-software-for-small-businesses","no mapped file for route","301","0","0","0","","/inventory-management-software-for-small-businesses"
"/blog/inventory-management-software-free","no mapped file for route","301","0","0","0","","/inventory-management-software-free"
"/blog/inventory-management-software-with-bill-of-materials","no mapped file for route","301","0","0","0","","/inventory-management-software-with-bill-of-materials"
"/blog/how-to-store-raw-materials","no mapped file for route","301","0","0","0","","/how-to-store-raw-materials"
"/blog/how-to-implement-a-barcode-system-in-a-warehouse","no mapped file for route","301","0","0","0","","/how-to-implement-a-barcode-system-in-a-warehouse"
"/blog/how-to-inventory-your-tools","no mapped file for route","301","0","0","0","","/how-to-inventory-your-tools"
"/blog/how-to-label-inventory","no mapped file for route","301","0","0","0","","/how-to-label-inventory"
"/blog/how-do-you-organize-inventory","no mapped file for route","301","0","0","0","","/how-do-you-organize-inventory"
"/blog/how-do-you-set-up-an-inventory-system","no mapped file for route","301","0","0","0","","/how-do-you-set-up-an-inventory-system"
"/blog/how-much-does-inventory-software-cost","no mapped file for route","301","0","0","0","","/how-much-does-inventory-software-cost"
"/blog/how-to-manage-inventory-in-restaurants","no mapped file for route","301","0","0","0","","/how-to-manage-inventory-in-restaurants"
"/blog/how-to-perform-an-inventory-cycle-count","no mapped file for route","301","0","0","0","","/how-to-perform-an-inventory-cycle-count"
"/blog/how-to-store-construction-materials","no mapped file for route","301","0","0","0","","/how-to-store-construction-materials"
"/blog/how-to-operate-an-a-school-inventory-management-system","no mapped file for route","301","0","0","0","","/how-to-operate-an-a-school-inventory-management-system"
"/blog/how-to-optimize-inventory-levels-in-construction","no mapped file for route","301","0","0","0","","/how-to-optimize-inventory-levels-in-construction"
"/blog/how-to-optimize-mro-inventory","no mapped file for route","301","0","0","0","","/how-to-optimize-mro-inventory"
"/blog/what-are-the-3-major-inventory-management-techniques","no mapped file for route","301","0","0","0","","/what-are-the-3-major-inventory-management-techniques"
"/blog/what-is-a-good-inventory-turnover-ratio","no mapped file for route","301","0","0","0","","/what-is-a-good-inventory-turnover-ratio"
"/blog/what-is-a-gs1-barcode","no mapped file for route","301","0","0","0","","/what-is-a-gs1-barcode"
"/blog/the-future-of-qr-codes-what-lies-ahead-for-inventory-management","no mapped file for route","301","0","0","0","","/the-future-of-qr-codes-what-lies-ahead-for-inventory-management"
"/blog/tracking-large-inventory-quantities","no mapped file for route","301","0","0","0","","/tracking-large-inventory-quantities"
"/blog/voorraadbeheer-horeca","no mapped file for route","301","0","0","0","","/voorraadbeheer-horeca"
"/blog/what-is-a-stockout","no mapped file for route","301","0","0","0","","/what-is-a-stockout"
"/blog/why-ai-for-inventory-management-could-be-the-next-big-thing","no mapped file for route","301","0","0","0","","/why-ai-for-inventory-management-could-be-the-next-big-thing"
"/blog/why-your-business-should-track-assets-too","no mapped file for route","301","0","0","0","","/why-your-business-should-track-assets-too"
"/blog/year-end-checklist-for-small-business","no mapped file for route","301","0","0","0","","/year-end-checklist-for-small-business"
"/blog/what-is-demand-forecasting","no mapped file for route","301","0","0","0","","/what-is-demand-forecasting"
"/blog/what-is-inventory-shrinkage","no mapped file for route","301","0","0","0","","/what-is-inventory-shrinkage"
"/blog/what-is-the-best-free-inventory-management-software","no mapped file for route","301","0","0","0","","/what-is-the-best-free-inventory-management-software"
"/blog/the-best-inventory-tracking-methods-for-businesses","no mapped file for route","301","0","0","0","","/the-best-inventory-tracking-methods-for-businesses"
"/blog/parts-inventory-management-best-practices","no mapped file for route","301","0","0","0","","/parts-inventory-management-best-practices"
"/blog/perpetual-inventory-and-physical-inventory","no mapped file for route","301","0","0","0","","/perpetual-inventory-and-physical-inventory"
"/blog/qr-codes-for-equipment-maintenance","no mapped file for route","301","0","0","0","","/qr-codes-for-equipment-maintenance"
"/blog/multiple-location-inventory-management","no mapped file for route","301","0","0","0","","/multiple-location-inventory-management"
"/blog/online-inventory-management","no mapped file for route","301","0","0","0","","/online-inventory-management"
"/blog/organized-valuable-collection","no mapped file for route","301","0","0","0","","/organized-valuable-collection"
"/blog/raw-materials-inventory","no mapped file for route","301","0","0","0","","/raw-materials-inventory"
"/blog/supply-chain-inventory-management","no mapped file for route","301","0","0","0","","/supply-chain-inventory-management"
"/blog/supply-chain-inventory-optimization-with-materials-tracking","no mapped file for route","301","0","0","0","","/supply-chain-inventory-optimization-with-materials-tracking"
"/blog/supply-chain-trends","no mapped file for route","301","0","0","0","","/supply-chain-trends"
"/blog/reorder-point-formula","no mapped file for route","301","0","0","0","","/reorder-point-formula"
"/blog/rfid-vs-nfc","no mapped file for route","301","0","0","0","","/rfid-vs-nfc"
"/blog/stock-control-software","no mapped file for route","301","0","0","0","","/stock-control-software"
